run_id,response,outcome
1,0.7411984543007281,event
2,0.3340911900212039,non_event
3,0.5388193862290898,event
4,0.06878021617851711,event
5,0.46564606951471227,non_event
6,0.053458090146565274,non_event
7,0.6028778099571672,non_event
8,-0.8686847895331857,event
9,-0.6426179397614022,event
10,-0.7628348893018141,event
11,-0.032133622409196344,event
12,-1.0662621527320397,event
13,0.6883212170406363,non_event
14,0.5824556018652162,non_event
15,-0.7287235860722704,event
16,0.2820440760423641,non_event
17,0.8086083867200982,event
18,-0.9430529332697126,event
19,-1.0299355920191111,event
20,-1.3921845102666162,event
21,0.8715853514843865,event
22,-1.670145263207212,event
23,0.4621044932154715,event
24,-0.5878487806632247,event
25,0.36075197447069696,non_event
26,0.28449727343214637,non_event
27,0.5705826319761279,non_event
28,0.604597618790105,non_event
29,-0.6710763657824033,event
30,0.39688359148757413,non_event
31,0.9715572898925557,event
32,-1.1484115989253945,event
33,1.4328137375467855,event
34,0.3341807095192991,non_event
35,-0.4209658254047672,event
36,0.4859048900956342,non_event
37,-1.660246631402829,event
38,0.7157167722640635,non_event
39,0.35042625891081364,non_event
40,-0.5549142213420859,event
41,-0.3142000174975748,event
42,0.26254838309182843,event
43,0.21777039658308076,non_event
44,0.8095890466677654,event
45,-0.7487521079220939,event
46,-0.820425135514318,event
47,-0.79130986305768,event
48,0.6321190863341092,non_event
49,-0.17579775381696203,event
50,-0.45280684352641365,event
51,0.3789597610895835,non_event
52,0.4204073937722315,event
53,-1.23186356936078,event
54,-0.4569391689672192,event
55,0.1924531093424417,event
56,-0.22889422426687991,event
57,-1.0004884283941313,event
58,0.8423810701560851,non_event
59,0.8180281296078672,non_event
60,0.6389409538325566,event
61,-0.04504624478405993,event
62,0.7593751053852972,event
63,0.09445766823003832,non_event
64,-0.8939980282279703,event
65,0.5311084499316352,non_event
66,0.7045653951289593,non_event
67,-1.3661281525018059,event
68,1.2083699297013186,non_event
69,0.5930881001029239,non_event
70,0.34534459396002853,non_event
71,0.23667027158442538,non_event
72,-0.9249752378904355,event
73,1.1510340216653572,non_event
74,0.0780277472803849,event
75,0.12374408472204843,non_event
76,0.3104171698876909,event
77,0.1420193249831955,event
78,0.34420389341752994,non_event
79,0.7647791482337088,non_event
80,0.4618748886949983,non_event
81,0.6146112726492279,event
82,-1.0625588791850342,event
83,0.22158757299622509,non_event
84,-0.3457656316229165,event
85,0.024390629559852887,event
86,-0.4365999530174443,event
87,0.5701445751252477,non_event
88,0.3309455135963894,non_event
89,-1.13359475074591,event
90,0.689603046309267,non_event
91,1.0780251108606194,non_event
92,1.3848164557301332,event
93,0.5756601936099504,non_event
94,-0.5380137935170756,event
95,0.4722513047652088,non_event
96,-0.5279136151099597,event
97,0.5371450071745273,event
98,0.7971195587887571,non_event
99,0.3349384399140094,event
100,0.7969662572681651,non_event
101,-0.24045493754724884,event
102,0.15953798460378754,event
103,0.49633578265607703,event
104,0.7743225415572926,non_event
105,0.7012592684662037,non_event
106,0.1734903758043359,non_event
107,0.2972329004510154,non_event
108,-0.9401618132322341,event
109,0.5347840675312935,event
110,-0.1200546863770911,event
111,0.611777178365504,non_event
112,0.125668735114303,event
113,0.1785989713017726,non_event
114,-1.273015755470988,event
115,-0.43687921693584636,event
116,0.09460027099910123,event
117,0.6193058556524078,non_event
118,0.3297741796395791,non_event
119,-1.758405860001927,event
120,0.13690658811924136,non_event
121,-0.49263899644781994,event
122,0.6583300578087132,event
123,-0.8536568546790568,event
124,-0.47124875154347196,event
125,-0.002232607198610005,non_event
126,-0.41299167494780437,event
127,0.9282904785518122,non_event
128,-1.4265028369786192,event
129,0.25745060610971704,non_event
130,-1.2004009647840828,event
131,0.6394098634399642,non_event
132,-0.78934137500562,event
133,0.48671998096368413,non_event
134,0.5187250953657594,non_event
135,0.791247007240683,event
136,-0.12132959215173404,event
137,0.17112949055558335,non_event
138,-0.87568457756924,event
139,-0.010877044122831876,event
140,-0.025099446379807173,non_event
141,0.756347788124598,non_event
142,0.7376736400391366,non_event
143,-0.031109128909173275,event
144,0.9741107034927603,non_event
145,0.26302900280422503,non_event
146,0.24404966173573175,non_event
147,-0.7970108047344743,event
148,0.1002984600730783,event
149,-0.8763034534315213,event
150,1.0056580278495502,event
151,0.48427187090332463,non_event
152,-0.8518966690432106,event
153,0.23668263548639298,event
154,-1.2576207163952329,event
155,0.5176395339542422,non_event
156,-0.3561700114419783,event
157,0.36075633809074764,event
158,-1.0695018360795276,event
159,0.16886853400386892,event
160,0.6414926035974853,non_event
161,-1.4357778162166004,event
162,0.059641321925512476,event
163,-1.1268954332346721,event
164,-1.3911650521468601,event
165,0.6735037048170756,non_event
166,0.7239681967252022,non_event
167,0.6760561551571749,event
168,0.3215685653337272,non_event
169,0.9881510185634156,non_event
170,-0.6726403568825343,event
171,-1.5030892874785062,event
172,0.052831136434578416,event
173,-0.3059546559032338,event
174,-0.7692440149208187,event
175,0.8931927018035501,non_event
176,-1.358357210140009,event
177,-1.698588375203869,event
178,0.011073637236707125,event
179,-0.08788939366473064,non_event
180,-1.6626881121255341,event
181,0.40253947677755325,non_event
182,0.693763764337826,non_event
183,0.5609604586385725,non_event
184,1.057809056443982,non_event
185,0.5676147173943853,non_event
186,1.1381788853473038,event
187,-1.6919521383751852,event
188,0.6511212471521991,event
189,0.9140414114604851,non_event
190,0.1885088815796984,event
191,0.8651831146390666,non_event
192,-1.4053825873458996,event
193,0.3458250213055858,non_event
194,0.07908977991001899,non_event
195,-0.8142587191936957,event
196,0.022163876506634365,event
197,-1.644892329405383,event
198,-1.2303149558072763,event
199,0.6537225510689733,non_event
200,-0.8900599611654227,event
201,1.1924141676381947,non_event
202,-0.37791522811446965,event
203,-1.6734868459315777,event
204,0.8473985303045348,non_event
205,0.9379903359198686,non_event
206,-0.7112867225327875,event
207,0.5531296938196186,event
208,0.5177123402820016,non_event
209,0.4524772350959827,non_event
210,0.30977251743584255,non_event
211,0.5643643638719146,event
212,-0.2218059980789922,event
213,0.6519251694588857,non_event
214,1.2026488632297065,non_event
215,-0.07886380578245752,event
216,0.3841212187002796,event
217,0.35853469631715257,non_event
218,0.033975554920711186,event
219,-1.6144143689253228,event
220,-0.6804587513886312,event
221,0.5836895948544987,non_event
222,-0.45843142086582456,event
223,0.47971834650505624,non_event
224,-0.8460925881515787,event
225,1.148910938063413,non_event
226,0.9627313387682518,non_event
227,0.5672523561851186,event
228,0.5425123913077842,event
229,0.03931340402380817,event
230,0.24215482209181252,non_event
231,0.1885018754140008,event
232,-0.8307476359861905,event
233,-0.09300680222687871,event
234,0.7817102904774974,event
235,0.8517938324549587,event
236,-0.5518908863531186,event
237,0.6951278863489575,non_event
238,0.3997926449786161,non_event
239,0.5998474994594853,non_event
240,0.17092384578320055,non_event
241,7.233513165039816e-4,non_event
242,0.551769170625542,non_event
243,0.36050731030548366,non_event
244,-0.20189636358120944,event
245,0.2591209068660506,event
246,0.4115753590394456,non_event
247,0.6629445324261338,non_event
248,-0.9072225098542703,event
249,0.4166018156643456,event
250,-0.9554289346401165,event
251,-0.6935728321046329,event
252,-0.0710741649796859,event
253,-0.6232723456055848,event
254,0.0796541417784996,event
255,0.6272626760499441,non_event
256,0.5444889296114905,non_event
257,-0.7253810258927269,event
258,-1.65789414748831,event
259,-0.7611131600425428,event
260,0.12447911172205921,event
261,0.5934083302325093,event
262,0.2749720988619059,non_event
263,0.7825214274656439,non_event
264,0.47782779664229497,non_event
265,0.5904149402262383,non_event
266,-0.6650935969633199,event
267,-1.3221325971810478,event
268,0.6885759204077084,non_event
269,-0.04696927268468369,non_event
270,-1.8531387339924337,event
271,0.7182399456430189,non_event
272,-1.0307071937364451,event
273,0.5163485073209961,event
274,-0.23750125193603333,event
275,0.513690862776842,non_event
276,-1.105185304534023,event
277,-1.1728868064891704,event
278,-1.1609948934781698,event
279,-0.49490283250364897,event
280,-0.2728316984092496,event
281,-0.0775380824645786,event
282,0.4032086918982554,non_event
283,0.5221133777600856,non_event
284,-0.7987574911681175,event
285,0.8569115331776124,event
286,0.15349621960513146,non_event
287,1.0651496963899605,non_event
288,-0.773354946355084,event
289,0.724323547186808,non_event
290,0.417970661017266,non_event
291,-1.149125587564694,event
292,-0.6433005171278227,event
293,-0.6532356304007948,event
294,0.7880181881562088,non_event
295,0.5242254788536388,non_event
296,0.4981079229258942,non_event
297,-0.021153332822486808,event
298,0.9998713342768452,non_event
299,1.0113136825425744,non_event
300,-0.17351782852504258,event
301,0.3716606005392329,non_event
302,-0.6561823588383116,event
303,-0.5516760797289584,event
304,0.8996054922520237,non_event
305,0.10537768903660964,event
306,0.7642108974326448,non_event
307,0.1078057888985504,event
308,-1.7220497763147602,event
309,1.0644816642392148,non_event
310,-1.4403929915902394,event
311,0.5112711248676353,non_event
312,0.48445186915509275,non_event
313,-0.5477779262530038,event
314,0.706830086504012,non_event
315,-1.0391403148288918,event
316,0.6385274835592568,non_event
317,-0.39444957520663615,event
318,-1.438149733500511,event
319,0.6734929141604621,non_event
320,-0.5927780235218812,event
321,-0.3179938916675241,event
322,-1.1305918202873053,event
323,0.562637413006069,non_event
324,1.234167091853442,non_event
325,0.3479154322711817,non_event
326,0.42715894672537374,non_event
327,0.3192164825360701,non_event
328,0.7961344413912725,non_event
329,1.0820135567971179,event
330,-0.15779179228912563,event
331,0.9711585573306493,non_event
332,0.9414787635883178,non_event
333,0.7152508738105454,non_event
334,0.4872999902194877,event
335,-0.10488461888609879,event
336,-1.0807889845109382,event
337,-0.010966641523262929,event
338,1.153306131279449,non_event
339,0.060631981185169034,event
340,0.8007232268726331,non_event
341,-0.8199356767725633,event
342,0.11068995205565559,non_event
343,0.533197855627922,non_event
344,-1.1946027105847974,event
345,-1.1756546159282657,event
346,0.3297203923942054,non_event
347,0.9568585805836934,non_event
348,0.5149835174662079,non_event
349,0.6276238917593264,non_event
350,-0.46861308448125927,event
351,0.6715437036362566,non_event
352,0.7504910218701272,non_event
353,0.7776361498252528,event
354,5.0555686307810265e-5,event
355,-0.39833747999467817,event
356,0.8310097983908076,non_event
357,0.5075568883763011,non_event
358,-0.32954929012368733,event
359,-0.37427071788116784,event
360,-1.0703551746897404,event
361,-0.44092888665999697,event
362,0.6178158154820524,non_event
363,0.3865452488833312,event
364,0.5849778889497433,non_event
365,0.49565704826537943,non_event
366,-0.8832125557666424,event
367,0.2859186028196087,non_event
368,-0.6334717576203645,event
369,0.4268416828157902,non_event
370,1.156558276842607,event
371,0.38196991355856347,event
372,0.31388785795884855,non_event
373,0.007085707027817087,event
374,-0.3435218646381836,event
375,0.4503713830054082,non_event
376,0.7325072366878237,non_event
377,-1.4831028570036175,event
378,-0.679641722447253,event
379,0.9084260209752542,non_event
380,-0.6190270691415279,event
381,0.28146420941852285,non_event
382,-0.6346900068228614,event
383,0.5546221153719834,non_event
384,1.2256829369277586,non_event
385,-1.7481165078341996,event
386,0.5817324106060714,non_event
387,-0.27215294404464246,event
388,0.19340089320009043,event
389,0.23528317858447845,event
390,0.8325051970647546,non_event
391,0.9812581606347959,non_event
392,0.7395367067095606,event
393,0.6074826465777946,non_event
394,0.10081208458039344,non_event
395,0.7569751780227889,event
396,0.10314357374388901,event
397,-0.05845433578342364,event
398,0.1553320732597847,non_event
399,0.3491362088885754,event
400,0.7491371107226984,non_event
401,-0.40444550947964614,event
402,-0.25156114450977085,event
403,-1.6629334590187423,event
404,1.038637976572037,non_event
405,-0.7767547210889594,event
406,-1.5804189973319138,event
407,0.7144697545252275,non_event
408,0.5999134112445291,non_event
409,0.6206270976977751,non_event
410,-0.0023448428681662327,event
411,0.5001211263095078,non_event
412,0.04663544782681499,event
413,0.2379010591990956,non_event
414,0.7450570986517161,non_event
415,-0.5513330383758451,event
416,0.2499797154812965,non_event
417,-0.6797548361580737,event
418,-0.5533041168299165,event
419,0.7426862141426155,non_event
420,0.6506763002418177,event
421,0.18148477908981223,event
422,0.44316236963916666,non_event
423,0.478769106292888,non_event
424,-0.852263032063664,event
425,0.5156992852300659,non_event
426,-1.376301841538981,event
427,-0.2405621961117327,event
428,0.5588679307666329,non_event
429,0.4558108357699039,non_event
430,-1.2255303842175227,event
431,0.46672835782657757,non_event
432,-1.6157667031593028,event
433,0.41217259360552294,non_event
434,-0.313940398744309,event
435,-0.28348153194067377,event
436,0.29970791399363844,non_event
437,0.9480894176587115,non_event
438,-0.6556531274857433,event
439,1.3400159909601477,event
440,-0.2220311050844809,event
441,0.28131989922207634,non_event
442,-0.45502693350816964,event
443,-1.640090250372528,event
444,0.30664004202522166,non_event
445,0.9322223139801339,non_event
446,0.4700064401828279,event
447,-1.412195732533089,event
448,0.1855191641287639,non_event
449,-1.076650501991808,event
450,0.9894416440479443,non_event
451,1.0340776977239712,non_event
452,-0.17994698911161083,event
453,-0.1631046879075579,event
454,-0.3978478570349101,event
455,0.6015335316041107,non_event
456,0.38396859933983574,non_event
457,0.8911659204225643,non_event
458,0.5060592919210464,non_event
459,-0.8930337458864781,event
460,-0.6847420994713005,event
461,0.08964974143558786,non_event
462,0.5967116453434799,non_event
463,0.16031889900873458,non_event
464,0.668437143423661,event
465,0.2582402470532952,non_event
466,0.3893302383226846,non_event
467,-0.6672461536705131,event
468,-1.7482450783264576,event
469,0.14952894515147905,event
470,-0.5612628379862026,event
471,-0.7984701875347767,event
472,0.37757462410246045,non_event
473,0.4010824257209178,non_event
474,0.4061608141904927,non_event
475,0.5620041541830759,non_event
476,0.9799942106324375,non_event
477,0.9383295657187768,non_event
478,0.6114075972373173,non_event
479,0.2744105359732452,non_event
480,-0.73407148651724,event
481,-0.7023884264827757,event
482,0.20718146169305066,event
483,0.5480138727544895,non_event
484,-0.5670591439945442,event
485,0.5307751833911466,non_event
486,-0.04621668259246265,event
487,0.48493308520886785,non_event
488,0.6737097179579876,non_event
489,0.27705541384242766,event
490,-1.1660710076944811,event
491,0.3747186162661673,non_event
492,0.4954785148262223,non_event
493,1.114044514301154,non_event
494,0.33349618666396164,non_event
495,-1.2745292582670924,event
496,0.6727783201676694,non_event
497,-0.41283957333705085,event
498,0.43738003640580825,non_event
499,-0.7108363179299084,event
500,-0.009367516885829163,event
501,0.648525738837782,non_event
502,-0.9048010022835679,event
503,-0.17318123001031743,event
504,0.6258921278184911,event
505,1.090122245595045,non_event
506,0.7650974676338524,non_event
507,0.21620508399931104,event
508,0.7740351201303465,non_event
509,1.159642795809896,non_event
510,-0.928089536833617,event
511,-0.6418063699956298,event
512,0.07723301983070613,non_event
513,0.34109168848587773,non_event
514,0.5917969145040843,non_event
515,-1.09442152657989,event
516,-0.3461340217430062,event
517,-1.031787725069202,event
518,0.8105218733077141,event
519,-1.390525231144389,event
520,1.0566153069941169,non_event
521,1.171668377904195,event
522,-0.6795957397109789,event
523,0.7676596700881865,non_event
524,0.46146680210072705,non_event
525,-0.12028493487614345,event
526,-0.3657381500737358,event
527,-0.8315429570051079,event
528,-0.4646945307239186,event
529,0.37888605492227306,event
530,0.2664647159128395,event
531,-0.12184540856397336,event
532,-0.4272976676082021,event
533,-0.937635102202941,event
534,0.9326043962300083,non_event
535,0.8272937636516,non_event
536,-1.6510260741229998,event
537,0.16706814188228633,non_event
538,-0.09746360897128287,event
539,0.9425875679950331,non_event
540,1.0984177907849055,non_event
541,1.1144137689881435,event
542,-0.837862151002476,event
543,-0.28998910878612055,event
544,0.16164724073942977,event
545,0.34901149583112406,event
546,-0.6678315399597671,event
547,0.6056541863436397,non_event
548,-0.03153832940415606,event
549,0.6572159974802005,non_event
550,-0.015907673258743857,event
551,0.1789169434031954,event
552,-0.32437321457518786,event
553,0.7529613659769006,non_event
554,1.1844575246326023,non_event
555,0.6918078305357372,event
556,-1.279203964246255,event
557,-0.351953528167143,event
558,-0.30799046396181146,event
559,0.7576433064099851,non_event
560,0.7836578900599179,event
561,0.9081610644795055,event
562,0.6820089596903764,non_event
563,-0.1596836689555732,event
564,0.21044306832231663,non_event
565,-1.6805366009274652,event
566,0.5911532229646149,non_event
567,-0.3033994250884251,event
568,1.0672346523070164,non_event
569,0.7939039389433313,non_event
570,-0.646913117337501,event
571,0.6239126983562592,non_event
572,1.0805136825513721,non_event
573,1.1145720923254863,event
574,0.8532251135372682,non_event
575,0.3152660761160389,non_event
576,0.34558262415915664,non_event
577,1.2907891553631312,non_event
578,0.5165111226249698,non_event
579,-0.4564264953581367,event
580,-1.6557111875044013,event
581,-1.0932700913237174,event
582,0.7466559556091436,non_event
583,0.05453980670854368,non_event
584,-0.7531437023526313,event
585,-1.4951340012545524,event
586,-1.3922982991901778,event
587,-0.005785992180004865,non_event
588,0.670335345870904,non_event
589,0.4462835726142728,non_event
590,-1.24388840555858,event
591,-1.4833678281830536,event
592,-0.5728180956506133,event
593,0.39580088408129477,non_event
594,-1.4189776024803005,event
595,1.2551386784623249,non_event
596,0.5719769007925961,non_event
597,0.7046176165966866,non_event
598,1.2084075080861754,event
599,-1.0058656499065841,event
600,0.05189453737986387,event
601,-1.3459509133623453,event
602,-0.47323748671187,event
603,0.1883693657758577,event
604,0.3538507223050686,event
605,0.4450875782419197,non_event
606,-0.8591075471132982,event
607,0.895542587563666,non_event
608,-0.7816412561046396,event
609,0.3570067322522302,non_event
610,0.1502117309155123,non_event
611,-1.1102749439470072,event
612,0.12054814894808309,non_event
613,0.09757905306505472,event
614,0.3438885159876468,event
615,0.4685414493647103,non_event
616,0.3311388327045451,non_event
617,0.9239025466792109,non_event
618,0.7391275689159407,non_event
619,0.18267753475878362,non_event
620,0.21025046695123611,non_event
621,0.3677015091492234,non_event
622,0.8768836644956343,event
623,-0.4795251672260696,event
624,0.4230279479371068,non_event
625,-0.19590432144495934,event
626,0.9773588665210351,non_event
627,-0.4872219676812015,event
628,0.6655538720341696,non_event
629,-0.5719917330789697,event
630,0.22590069672585916,event
631,0.3305353320180943,event
632,0.8623002038770426,non_event
633,-1.386781094296712,event
634,-1.5993114867096985,event
635,1.236044209069661,non_event
636,0.30429150759254353,event
637,0.6410825414335836,non_event
638,-0.42435094196259443,event
639,0.017041697606841207,event
640,0.7350927692939664,non_event
641,-1.3189250557743073,event
642,-1.7275088318402068,event
643,-0.12357574237151953,event
644,0.03003319566909939,event
645,0.5697925171861203,non_event
646,-1.1166700583048994,event
647,-1.5040619562430717,event
648,-1.3177084029588644,event
649,-1.2241166192509598,event
650,-0.6318923920447109,event
651,0.40339830989469727,event
652,0.4424109729345605,non_event
653,0.4620477234483767,non_event
654,-1.5714836030804114,event
655,-1.279238795315274,event
656,0.4148738231739394,non_event
657,-0.7138432865479654,event
658,0.03191085192644338,event
659,-0.21199599707170896,event
660,-1.594683053471464,event
661,0.1358262237725683,event
662,1.2676782582419026,event
663,0.9759735546533447,non_event
664,0.6266683930571597,non_event
665,0.5741678355831664,non_event
666,-0.9055947776151326,event
667,0.8818087925704813,non_event
668,0.7903833468429569,non_event
669,0.6248353436023412,non_event
670,0.28081476859123816,non_event
671,-0.7687808718305468,event
672,0.680448184660671,non_event
673,-0.6754521232222124,event
674,0.19506929362496925,non_event
675,0.09790551902249323,non_event
676,0.25347152022215647,event
677,0.2485543094230303,non_event
678,0.8447180058491792,non_event
679,-0.27510736334226094,event
680,0.3763210150856385,non_event
681,-1.2863235747108728,event
682,0.16012390906065316,non_event
683,-0.8991401977592621,event
684,-0.8537642791371433,event
685,1.0900379614470763,non_event
686,-0.5432259135217467,event
687,-0.8309168883396055,event
688,0.47572773015615116,non_event
689,0.6142368132212157,non_event
690,0.4244163134668482,non_event
691,-1.1209824211939239,event
692,0.6733192504674715,non_event
693,0.2913642831043692,event
694,-0.1247067383020805,event
695,-0.3669526504719507,event
696,1.17741590421709,non_event
697,-0.7338489066657733,event
698,-0.023076685805957443,event
699,0.1064583262476735,event
700,0.2637051856821689,non_event
701,-0.05280447284613225,event
702,-0.9828143270616192,event
703,0.1611024710619807,non_event
704,1.0479277523727109,non_event
705,0.1507558862460894,event
706,0.1387299756483335,non_event
707,0.5664012607096252,non_event
708,-0.6783879392057122,event
709,0.7844396547041959,non_event
710,0.33463443091497114,non_event
711,0.2513475291842524,non_event
712,0.49554767071695416,non_event
713,-0.6463332473945165,event
714,-0.880083682833824,event
715,0.631299414953206,non_event
716,0.07144964172182425,event
717,0.06393621940751984,event
718,0.6386214509051339,non_event
719,-1.1688522543358075,event
720,0.7252818730873601,event
721,-0.08551501525762036,event
722,0.18269247688748838,event
723,-0.4178438867909664,event
724,1.0073498423993401,non_event
725,0.532115236985163,non_event
726,-0.23486201040719729,event
727,-1.6403603866888508,event
728,-0.03398450403592797,event
729,0.6608970863576965,non_event
730,0.5959270552727726,non_event
731,1.0615920516988802,non_event
732,1.0254495005312219,non_event
733,0.7432625535028359,non_event
734,-1.1344128404649214,event
735,1.1077187583379833,non_event
736,0.5342355390282465,non_event
737,0.4003828454937755,non_event
738,-0.41732404301581094,event
739,-0.9235188769980249,event
740,0.5341362580463773,non_event
741,-0.9660221398417745,event
742,-0.8728049189724124,event
743,1.1983235608071026,event
744,-0.6451612756319887,event
745,0.16518891300013525,event
746,0.9779968434399415,event
747,-0.6640959051432714,event
748,-0.12027477698785165,event
749,0.9281724082164521,event
750,0.07526376645758064,event
751,0.29129619301617926,non_event
752,-0.8976256600533933,event
753,-0.48249987834640223,event
754,-0.6438280341645864,event
755,-0.07044016234239743,event
756,0.01933874383141247,event
757,0.3200211413384473,non_event
758,-0.994080094654499,event
759,-0.5301596853713992,event
760,-0.7936928782045679,event
761,-0.4907765411889365,event
762,-0.3130329013339846,event
763,0.20563727929064124,event
764,-0.6603492356466805,event
765,1.0123150561416967,non_event
766,-0.214854970721962,event
767,0.06648525032031033,non_event
768,-0.39430328726075853,event
769,-1.1088289592426055,event
770,0.7054686915113765,non_event
771,-0.574067317808657,event
772,0.16686694390219484,event
773,0.4364891768011258,event
774,1.3680817332125788,non_event
775,0.43894616220475774,non_event
776,0.17183681712800608,non_event
777,0.5716833142072553,non_event
778,-0.43991569262738617,event
779,-0.3758236033756057,event
780,-0.5773276576393811,event
781,1.0083129308769698,non_event
782,0.2528605740328354,event
783,0.8326360570052667,non_event
784,1.2493820460743303,event
785,-0.5248581697890162,event
786,-0.764693575288459,event
787,0.7888939360380515,non_event
788,-0.3223440255217059,event
789,0.26349038979079104,non_event
790,0.24578326092588174,non_event
791,0.12188176050349513,non_event
792,0.22655089259247843,event
793,0.5572939336476396,non_event
794,0.7194718715658867,non_event
795,-0.05882234534073197,event
796,0.03663345582619956,event
797,0.6980194716702077,non_event
798,0.7460438797965574,non_event
799,0.7413915735838955,non_event
800,-0.1296724850600039,event
801,0.3385012707462987,event
802,-1.6923129929364058,event
803,-0.1598358151125375,event
804,-0.5450284734239299,event
805,-0.058593926549046285,event
806,-1.5418418268792466,event
807,0.20822935859274386,event
808,0.6259390587026306,non_event
809,0.35109617481255007,non_event
810,0.4122759250429278,non_event
811,0.5747613658674543,non_event
812,0.37479185413426835,non_event
813,0.8441090357560467,event
814,0.6575701229090144,non_event
815,0.5325904250347223,non_event
816,0.9046147775288201,event
817,0.7368905209179312,non_event
818,0.47504349443747335,non_event
819,0.381246564197739,non_event
820,-0.15227863547261936,event
821,-0.5269001586710913,event
822,0.7906709772434585,non_event
823,-0.5724078775753139,event
824,1.15802811957806,non_event
825,0.15324525099476086,non_event
826,1.1176857772038722,event
827,0.44853088158692184,non_event
828,0.8764496756160869,non_event
829,0.7356155606687795,non_event
830,0.31578774016213645,non_event
831,0.45484996429757313,non_event
832,0.6340201804093228,non_event
833,1.0714425903960818,non_event
834,0.08879247340998199,non_event
835,-0.6946183254478756,event
836,-0.9889700565131666,event
837,-1.3233422517019429,event
838,0.38038118257280407,non_event
839,0.17700060160081724,non_event
840,0.24694009597690392,event
841,-1.278624447064957,event
842,0.7749141919733649,non_event
843,0.958258010506772,event
844,-0.385598755815495,event
845,-0.9021964530442699,event
846,1.3444566986508686,event
847,0.5521140138177076,non_event
848,0.8593006067206114,non_event
849,0.7611929621521688,non_event
850,0.231684443113533,non_event
851,0.561771232122792,non_event
852,0.7397685931202979,non_event
853,-1.4481427539409715,event
854,-0.15063353353284273,event
855,0.1337744196891416,non_event
856,-0.09983505888229048,non_event
857,0.8072171706951405,non_event
858,0.6403526818813786,non_event
859,0.3690140868929389,non_event
860,-1.1604118720662122,event
861,-0.5490367107980083,event
862,1.3585341545803764,event
863,0.7208716390325053,non_event
864,0.7611301897188586,non_event
865,0.9276514630581255,non_event
866,0.810440841132311,event
867,-1.4173455252523273,event
868,0.6254609253319567,non_event
869,0.06687318290053453,event
870,-0.6639482366528753,event
871,-1.4206201653065542,event
872,0.9516834725758039,non_event
873,-0.26528804097910996,event
874,-0.9456511799275295,event
875,0.18040738923592683,non_event
876,-1.5534525273163688,event
877,-0.7318601833953934,event
878,-0.5638862273754548,event
879,0.7717050052539222,event
880,1.27653228638558,non_event
881,0.7055607664019259,non_event
882,-1.2317428586059234,event
883,-0.22949233347872577,event
884,0.5967603765578413,non_event
885,0.7754299915247951,non_event
886,0.09945593544331428,event
887,0.08149694909947101,non_event
888,0.78147658069177794,event
889,-0.8846068581496559,event
890,0.4626167564331628,non_event
891,0.6677302509895876,non_event
892,0.39223028723494324,event
893,-0.08940111594820749,event
894,0.5857006390221725,non_event
895,0.39262431620952504,non_event
896,-0.09744879724898735,event
897,-1.141611566131387,event
898,0.6737097179579876,non_event
899,0.6797565161364362,non_event
900,-0.14233021524464856,event
901,-0.19781913494772477,event
902,0.8975220922724765,event
903,-0.45011135913474387,event
904,0.5341162389543742,non_event
905,-0.1872807991554693,event
906,0.2936865855189362,non_event
907,0.4827052715883854,event
908,0.7387832040613959,non_event
909,0.3840842907904573,non_event
910,-1.4680196859612709,event
911,-0.9016932393340243,event
912,-1.7420966006532541,event
913,-1.2099613142519237,event
914,0.35336663095741905,non_event
915,0.7306630964179093,non_event
916,0.5120502145723815,non_event
917,1.3553600263856747,event
918,0.39076957399301865,event
919,-1.6361075042072417,event
920,0.663795740077623,non_event
921,0.47024916711619613,non_event
922,-1.3144562900209538,event
923,0.8468758021840147,event
924,-1.4638809393955012,event
925,-0.13513555598661656,event
926,-0.021648669849247383,event
927,0.21120066010310784,non_event
928,0.46020040964911524,non_event
929,-1.3782661185952068,event
930,0.10288420407289137,event
931,0.3396537826838534,non_event
932,-0.31713207480656985,non_event
933,1.2514029384528973,non_event
934,0.7889576877931592,event
935,0.5231259087834313,non_event
936,0.5519949611733328,non_event
937,0.24804728539546847,event
938,-0.01420758436464811,event
939,0.8874664110230067,event
940,-0.7494769506767162,event
941,1.180352392643255,non_event
942,0.8482100918446653,non_event
943,1.2041552002888436,event
944,-0.82438463613966,event
945,-0.6614244856353277,event
946,-0.8226347752055402,event
947,-0.42560029810147676,event
948,0.45833229928007246,event
949,-0.5290578380792956,event
950,0.36208286378642135,non_event
951,0.5522319868954664,non_event
952,0.13899621283292304,non_event
953,-1.3800415487597395,event
954,0.8247117776979744,non_event
955,0.3466356962127274,non_event
956,0.4313573006932722,non_event
957,0.47491724546708175,non_event
958,1.2839988151863715,event
959,-0.1510335817433526,non_event
960,0.45049335782256966,non_event
961,0.4455165379036622,non_event
962,0.25635168787342355,non_event
963,1.0677887660146548,non_event
964,0.48102109311714525,non_event
965,0.6436867603874528,non_event
966,-1.352058726348363,event
967,0.18845435509227548,non_event
968,-0.16481326701367285,non_event
969,1.0220707545151058,non_event
970,-1.5468804925408113,event
971,-1.4982111512592313,event
972,-1.2422215593331616,event
973,-1.5310180324150824,event
974,-1.7313055749628545,event
975,-0.6764936613364816,event
976,0.9483808110751579,non_event
977,0.17061185096898537,event
978,-0.2007097649691546,event
979,-0.37120061967237566,event
980,-1.8146907424899634,event
981,-0.8678782168827979,event
982,0.55422279957431,non_event
983,0.7971973649684153,non_event
984,-1.732129116608954,event
985,0.5142352779557339,non_event
986,0.5801501514297033,non_event
987,-0.5901888193072803,event
988,0.09196181226588734,non_event
989,0.7203642806774114,event
990,-0.07707873030209288,event
991,-0.38276952851502855,event
992,-0.9840251376685292,event
993,-1.4441646086103155,event
994,-1.6156607355052146,event
995,0.4081168365162757,non_event
996,-0.36427559294562867,event
997,-0.09984770759484085,non_event
998,0.6685481352851588,event
999,1.0246952009560164,non_event
1000,-0.05398560688776603,event
1001,1.20760246027308,event
1002,0.49954093027331925,non_event
1003,-1.3230005218068743,event
1004,-1.4262670404668765,event
1005,0.09097596843607986,event
1006,0.45691397779794674,non_event
1007,0.7169845934292504,non_event
1008,-0.7964067327705499,event
1009,-0.31276373540912017,event
1010,-1.0314395798007818,event
1011,-0.5969872169212309,event
1012,-0.34779793816284743,event
1013,-0.07012438754077661,event
1014,0.08055502836894714,event
1015,0.12337823859858674,event
1016,-0.6123895731447478,event
1017,-1.0904161620553523,event
1018,0.3530641793067717,event
1019,0.9570760793727073,non_event
1020,-0.18785601412439834,event
1021,0.672664841070761,non_event
1022,0.09119673351912498,event
1023,0.6000787035548932,non_event
1024,-0.24993368712751385,event
1025,0.6020038523599677,non_event
1026,-1.3360039903961423,event
1027,-0.43615244211038423,event
1028,0.9578082191273983,event
1029,-0.9175716076141719,event
1030,-0.16570484307808322,non_event
1031,-1.2064895684926316,event
1032,0.35026218673939447,event
1033,-1.3319280448462032,event
1034,1.094007209349794,event
1035,0.1858087013369899,non_event
1036,0.1401427324005544,event
1037,-0.22846401918215525,event
1038,0.7005613446534167,event
1039,0.6086354479124911,non_event
1040,0.27555627345003925,non_event
1041,0.005667594272658651,non_event
1042,-1.5244105029897632,event
1043,0.36171326619045713,event
1044,-0.9414914600866321,event
1045,0.8133285772167649,event
1046,-0.4975293571565518,event
1047,0.6104411884977905,non_event
1048,0.7668788033276374,non_event
1049,-1.4721879979523715,event
1050,-0.2757434768316748,event
1051,0.23974024888471515,non_event
1052,0.13021454690883755,non_event
1053,0.02149279093095166,non_event
1054,-0.8842640618142322,event
1055,0.46426043308984277,non_event
1056,0.4835132259374163,non_event
1057,-1.553107658761729,event
1058,0.8809314148315834,non_event
1059,0.23823115894233987,non_event
1060,-1.437669877669155,event
1061,0.5227780257278354,non_event
1062,-0.048769186129146526,event
1063,-0.5264690042563809,event
1064,0.9916998869983609,non_event
1065,-0.20751952045780875,event
1066,0.4885004606374055,event
1067,0.6961405882380933,event
1068,-0.8340444047234615,event
1069,0.5914333215031439,non_event
1070,0.6133505725177745,non_event
1071,0.6860886686579155,non_event
1072,0.5414630169130716,event
1073,1.0760336303747313,non_event
1074,-0.14384567251088778,event
1075,0.8851130292274851,event
1076,1.1753135898889304,non_event
1077,0.4206045636327143,event
1078,-0.47636698227135765,event
1079,0.28206404923722433,non_event
1080,0.033214206265197284,non_event
1081,-1.1388590015186215,event
1082,-0.6533086548589417,event
1083,-1.752347257228765,event
1084,-1.2498149889304382,event
1085,-1.0182358591579583,event
1086,0.5045568064327557,non_event
1087,0.13266040962007303,event
1088,0.9063441492173957,non_event
1089,-0.3390785716111011,event
1090,0.6053756929341838,non_event
1091,0.37183766126499135,non_event
1092,1.1789724291217851,non_event
1093,0.7456246511072274,non_event
1094,-1.8493930307957276,event
1095,0.8032502022148792,non_event
1096,0.026481510236086178,non_event
1097,0.5743091436403953,non_event
1098,-0.05999905564668196,event
1099,0.5476863257477538,non_event
1100,0.4838359378598514,non_event
1101,-0.5861511986739539,event
1102,-1.5284590072779587,event
1103,-0.15761479238884554,event
1104,-0.9676459642113213,event
1105,0.1293444597455123,non_event
1106,1.1783301498653163,non_event
1107,0.9926595672220786,non_event
1108,0.9088016477664882,non_event
1109,0.8493019301735156,non_event
1110,1.0732253148552682,non_event
1111,0.8029013319285219,non_event
1112,0.8336077292021282,non_event
1113,1.1030134543441221,event
1114,0.20847149909512588,event
1115,1.2162404652668928,non_event
1116,-1.1849739564560413,event
1117,0.03632051950324567,non_event
1118,0.3105106045547317,event
1119,-0.4537508693115202,event
1120,0.9673607364268704,non_event
1121,-1.4087123361624696,event
1122,0.8397093274791845,event
1123,0.34936079605363046,non_event
1124,0.9465361415092052,event
1125,-0.06906041340078077,event
1126,-0.667852110211336,event
1127,0.7590525184957899,non_event
1128,0.30676170310416784,non_event
1129,-0.09370322477733585,event
1130,1.10065960697485,non_event
1131,0.21242292708743216,non_event
1132,-0.5854821246138173,event
1133,-0.7388390070008576,event
1134,-1.3399633979030783,event
1135,-0.294328308030107,event
1136,0.28215497060438827,non_event
1137,0.6222179329064258,non_event
1138,-0.1901976728148442,non_event
1139,0.022501120381875572,event
1140,-1.3999829604595002,event
1141,0.530671670112829,non_event
1142,-1.2538764609232556,event
1143,0.43717006938727304,non_event
1144,0.4902670771711531,non_event
1145,0.05605639323978283,non_event
1146,0.18973816947061098,event
1147,1.1849777916202666,non_event
1148,-0.26829209698862927,event
1149,-0.4431803779112902,event
1150,0.8794665912718432,event
1151,-1.2691690455208704,event
1152,0.49483286223617473,event
1153,0.7384812206107627,non_event
1154,-1.6440659261392734,event
1155,1.0294179461586785,non_event
1156,1.1772400219215093,non_event
1157,-0.7586265256676877,event
1158,0.3656914293358007,non_event
1159,0.14232687563921614,event
1160,-1.198410850951723,event
1161,-0.7093489332488316,event
1162,-0.19313090506244582,event
1163,0.5911343029878157,non_event
1164,-0.0036281095801125444,event
1165,0.2701581514799891,event
1166,-1.3608079956751915,event
1167,0.4091370190992398,non_event
1168,-0.4133668963276838,event
1169,0.448957253650355,non_event
1170,1.2615750253558324,event
1171,-1.773243898053541,event
1172,1.0281746776711758,event
1173,-0.5823209333968454,event
1174,0.418218426968173,event
1175,0.1813774154768859,non_event
1176,0.782573955915677,event
1177,1.3797043920571797,event
1178,0.4928674493733606,non_event
1179,0.6167188011228512,non_event
1180,-0.827727814765563,event
1181,0.6426243822088964,non_event
1182,-0.1971787128360055,event
1183,-1.6207589131993017,event
1184,0.7338393552688616,event
1185,0.4486611075550765,non_event
1186,0.8234514932999666,non_event
1187,-0.9617939383429217,event
1188,1.0434936527759078,non_event
1189,-0.8470605256218838,event
1190,-1.5235376835880223,event
1191,-1.2856191423265309,event
1192,0.4018726697806466,non_event
1193,0.6394362231233073,non_event
1194,0.5684272573802858,non_event
1195,-0.9782414455325419,event
1196,0.746674434210169,non_event
1197,0.650132548484328,event
1198,0.8563592156771564,non_event
1199,0.6742716733095845,non_event
1200,-0.7000774097266177,event
1201,0.7901658966188778,event
1202,-0.25375890343940116,event
1203,0.8309911814023759,event
1204,-1.2196137857201939,event
1205,-0.6349750688153719,event
1206,0.47226940175904536,non_event
1207,0.5566265845835823,non_event
1208,0.7193298021595592,non_event
1209,0.45129643595763214,non_event
1210,0.22689635586701265,non_event
1211,0.6460788504746753,event
1212,1.0080511576678868,non_event
1213,1.0571725292111582,event
1214,-0.5662633367338964,event
1215,-1.535983309029823,event
1216,-0.9729808275216687,event
1217,-1.6857336834299448,event
1218,0.3590834260255076,non_event
1219,-0.9064623533784579,event
1220,0.201272596818046,non_event
1221,-0.36831692977459735,non_event
1222,-1.5031627283295963,event
1223,0.5553712516897213,non_event
1224,0.35131681985890284,non_event
1225,-0.12254552538747532,event
1226,-0.23278954210434508,event
1227,0.5253815210049443,non_event
1228,-1.3832292789946974,event
1229,0.2372160587730656,event
1230,0.9985295415935843,non_event
1231,-1.5852850165567642,event
1232,-0.4276622519770656,event
1233,1.3613785857865026,non_event
1234,0.11606223951667871,event
1235,0.1607960937959025,non_event
1236,-1.118862607336482,event
1237,0.7862109059647807,non_event
1238,-0.8291732046775466,event
1239,-1.7569136210321326,event
1240,-1.5863882116986843,event
1241,-1.2430558461404795,event
1242,-0.20993375919791812,event
1243,1.0219273207143489,event
1244,0.12917381283498805,non_event
1245,-1.0452078521691275,event
1246,-0.9499420657345369,event
1247,0.40830752608634185,non_event
1248,-0.1064105035462205,event
1249,0.5521295652142193,event
1250,0.7807111424996815,non_event
1251,0.5935642258014495,event
1252,-0.6968939264280264,event
1253,-1.5103734206812323,event
1254,-0.6265374184042932,event
1255,0.40809625149343565,non_event
1256,0.1966334455221804,event
1257,-1.506376561135109,event
1258,0.7449595638429158,event
1259,0.6083823985999129,non_event
1260,0.7815385313412524,non_event
1261,-1.835025050064678,event
1262,1.2748508395583542,event
1263,0.3186095390223262,non_event
1264,0.5397508897413092,non_event
1265,-0.43197048782768155,event
1266,0.18497966959518583,event
1267,-1.3692573978241356,event
1268,-0.528089168897727,event
1269,0.8389250719217359,event
1270,0.533382160608991,non_event
1271,-0.6382091048140492,event
1272,0.2687376313427732,event
1273,-1.0032147526927608,event
1274,0.1399228997213692,non_event
1275,0.32302835627329424,event
1276,0.7159423327523032,non_event
1277,0.380338137465844,non_event
1278,-0.6936445440421982,event
1279,0.8241838437694583,non_event
1280,0.7527392967658646,non_event
1281,0.6026746371695749,non_event
1282,0.5705202102717614,non_event
1283,0.18257385357119535,event
1284,0.3849900343504427,non_event
1285,0.821069873384971,non_event
1286,-0.151376592487598,non_event
1287,0.33222390081364495,non_event
1288,-0.8310691397541297,event
1289,0.34380425373558376,non_event
1290,-1.3771253707068878,event
1291,0.275601366961246,non_event
1292,-1.161891955805258,event
1293,-1.6450256632692208,event
1294,0.9915844276861231,event
1295,0.25394243224403423,non_event
1296,0.32119577778926645,event
1297,-1.3771371523076048,event
1298,-0.2083682967271867,event
1299,0.870908366137253,event
1300,-1.5562766649134894,event
1301,0.762899925227605,non_event
1302,1.1318706480060265,non_event
1303,-0.3067720280117467,event
1304,1.0889530001753585,non_event
1305,-0.4748321153877797,event
1306,0.5204575032356831,non_event
1307,0.43784709849533354,event
1308,-0.4525583528145136,event
1309,-1.2284010686486126,event
1310,-0.3898236948988443,event
1311,-0.7485043231538235,event
1312,0.1646230430070454,non_event
1313,1.3621556169753812,event
1314,0.1391472911733696,event
1315,-1.0572489947532877,event
1316,-0.6193016838665166,event
1317,0.09811225484740714,event
1318,-0.09490673102755819,event
1319,-0.9748432308747683,event
1320,-1.2132880129236465,event
1321,0.6450814359717433,non_event
1322,-0.9483423132831373,event
1323,-1.4599500173453142,event
1324,-0.368824340542338,event
1325,0.7240392730754192,non_event
1326,-1.5502458656183493,event
1327,0.6497761442320343,event
1328,-1.5057928484663803,event
1329,1.2726546388478044,event
1330,1.0662976762908034,non_event
1331,-0.6256166757835551,event
1332,-1.7459030265964424,event
1333,0.6100346612856689,non_event
1334,0.4960025020102218,non_event
1335,-0.7654325766870071,event
1336,0.5536256847030603,non_event
1337,0.6745686318909757,non_event
1338,-0.22727560358625906,event
1339,-1.189950583313979,event
1340,-1.2275659646965433,event
1341,0.565519434342641,non_event
1342,0.614810018963395,non_event
1343,0.6331533559221058,event
1344,-0.1431426121313834,event
1345,0.6980746207408326,event
1346,-1.1793877124918988,event
1347,-0.03273882012915312,event
1348,0.04976016140391093,event
1349,0.23501741153828842,event
1350,0.6969413471651577,non_event
1351,0.5561476663573446,non_event
1352,-0.07339467873637143,non_event
1353,0.08062209005378891,event
1354,0.45600907519052686,non_event
1355,0.8549346155859537,non_event
1356,-0.8081171192427432,event
1357,0.7338744342427015,event
1358,0.02936472538808137,event
1359,-0.259695473652324,event
1360,-1.479371168399117,event
1361,0.7164574328673583,non_event
1362,-0.01244142015315421,event
1363,-1.3427919978091392,event
1364,-1.4602527104101797,event
1365,0.1928865423409253,non_event
1366,0.11331874124974053,event
1367,0.1242535956747854,event
1368,0.6927885651402136,non_event
1369,0.7146186146544387,non_event
1370,0.301389645359934,non_event
1371,0.0036148147676895955,event
1372,-0.9673796784000297,event
1373,0.9476991237475366,non_event
1374,1.1237647180376498,event
1375,0.31419503186666187,event
1376,-0.8918569736545627,event
1377,0.7715810145688843,non_event
1378,-0.5026235001786973,event
1379,0.8515337320225276,non_event
1380,0.3553593511995236,event
1381,0.9755290658957898,event
1382,-1.078634130324697,event
1383,0.4665589437118703,non_event
1384,0.8089054637387517,non_event
1385,-1.0972169114470611,event
1386,0.8154877289630471,non_event
1387,0.42247932267932053,event
1388,-0.2740161610207058,event
1389,0.2321904067494716,non_event
1390,-0.5497385570396455,event
1391,1.1434287402134236,event
1392,0.5843851447083497,non_event
1393,0.9919158152943198,event
1394,-0.4281547103919709,event
1395,-1.656296710724417,event
1396,-0.23061251373970706,event
1397,-0.5445058539505514,event
1398,0.6254632466742447,non_event
1399,0.6390500017456796,non_event
1400,0.3046596937306371,non_event
1401,0.7584576411279991,non_event
1402,0.01734425592661589,event
1403,0.05239272090530241,event
1404,-0.06176458393676892,event
1405,0.018130404070185766,event
1406,0.5057941432685756,non_event
1407,-1.3173504482540042,event
1408,-0.14024831130782206,event
1409,-0.56367725308202,event
1410,-0.5750451780536779,event
1411,0.6373026364757063,non_event
1412,0.8829002601222983,non_event
1413,1.3719892622485805,event
1414,0.7971005130830762,non_event
1415,0.45429390396825226,non_event
1416,-1.760531487237745,event
1417,0.15786807814089615,non_event
1418,0.5161839693251365,non_event
1419,-0.9938261455376146,event
1420,-1.6687641468165857,event
1421,0.46143211562325165,non_event
1422,-1.0510788153892785,event
1423,1.2410527792313892,event
1424,-1.1591933640893792,event
1425,0.4404607589781341,non_event
1426,1.2282688712989045,non_event
1427,-0.983297835811926,event
1428,0.5168769611347369,non_event
1429,-0.6785960126792392,event
1430,0.31169871040798064,non_event
1431,0.4545169611290228,non_event
1432,-0.9619405052780987,event
1433,-1.34272874181589,event
1434,0.1950066203635856,event
1435,-1.1170660078652805,event
1436,0.5644605569961,non_event
1437,-0.1551531311205977,event
1438,-1.639959933035122,event
1439,-1.02487183762802,event
1440,0.866208312904869,event
1441,0.10937496240133994,non_event
1442,0.09877964357284344,event
1443,-0.7631155639024743,event
1444,1.235514461658824,event
1445,-0.9890099305726479,event
1446,0.43137146456448233,non_event
1447,0.019292245890865194,event
1448,0.5905929009581232,non_event
1449,0.9801771796410353,non_event
1450,0.8322193964647743,non_event
1451,-0.7345228164953271,event
1452,0.7116937684511141,non_event
1453,0.10359444724007857,event
1454,0.6806166219492923,non_event
1455,-1.6209494068409425,event
1456,0.3686053496345477,non_event
1457,-0.3989856746466659,event
1458,0.4500515205912919,non_event
1459,-0.13615673334180597,event
1460,0.5194395909211214,non_event
1461,-0.9328193932343859,event
1462,0.7549974868414928,non_event
1463,0.017441285052901597,event
1464,0.6657971446412151,non_event
1465,0.11491005651381733,event
1466,0.5804585688568408,non_event
1467,0.3870441474538426,non_event
1468,-1.696444456452937,event
1469,0.830448460593375,non_event
1470,1.2141789990586132,event
1471,0.2968084004259333,non_event
1472,-0.7218375661121439,event
1473,0.24213645063923486,event
1474,0.5991094944307238,non_event
1475,0.1200938165491032,non_event
1476,0.8328748406305263,non_event
1477,0.31688364253666373,event
1478,0.10680268595202179,non_event
1479,-0.6942210533434778,event
1480,0.6591291365060815,non_event
1481,-0.7673268090745806,event
1482,0.5740381836256152,non_event
1483,0.13241146356867287,non_event
1484,1.0718762980848364,non_event
1485,0.5221816751384051,non_event
1486,-1.023830218093019,event
1487,-0.25616736900531206,event
1488,-0.7162837407110969,event
1489,0.5434233474558489,non_event
1490,1.3883896687396382,non_event
1491,0.6098426805139786,non_event
1492,1.1015407320844026,non_event
1493,-1.7086671165223395,event
1494,-0.32280269351830715,event
1495,-1.4646040390355275,event
1496,-0.18313794134458983,event
1497,0.4476024985501599,non_event
1498,-1.7393886986415936,event
1499,-1.6083927398373672,event
1500,-1.4464862169895405,event
1501,-0.6226682210682022,event
1502,0.5248291250823879,non_event
1503,-1.590871316592405,event
1504,0.5438485171025093,non_event
1505,0.031340346076887536,event
1506,1.2934084964155934,non_event
1507,1.0855891026812952,non_event
1508,1.103559070110381,event
1509,0.6525361873676242,non_event
1510,-1.218972591170228,event
1511,-1.4229473177200933,event
1512,-0.20100119882130413,event
1513,0.5367513916952835,non_event
1514,0.39435476754437715,non_event
1515,1.17696148931633,non_event
1516,-0.7803637830624852,event
1517,-0.0928864054612474,event
1518,0.2482090827754759,non_event
1519,0.2930022112553696,non_event
1520,1.0985554642035062,event
1521,0.4050710486180039,non_event
1522,0.6705520486267815,event
1523,-1.4832986677411177,event
1524,0.5120565030058564,non_event
1525,0.6118091428537438,non_event
1526,1.4239963662522646,event
1527,0.33524007185336907,event
1528,0.12466831882695195,non_event
1529,-1.0732159150179974,event
1530,0.5783657994822962,non_event
1531,-1.0248724290177573,event
1532,-1.5867296325407212,event
1533,0.5904556860415137,non_event
1534,-1.6573138511474763,event
1535,-0.04731892383649889,event
1536,0.6131290750833898,non_event
1537,0.4036391793716397,event
1538,-1.0107031188886513,event
1539,1.424524125538435,event
1540,1.2404274524788879,event
1541,-0.12174877237992393,event
1542,0.43410045085468746,non_event
1543,0.7566468491222023,event
1544,-0.7343355618288868,event
1545,1.175622905786267,non_event
1546,0.2449150466813544,non_event
1547,0.37176202785055346,non_event
1548,0.3475893400161632,non_event
1549,0.8156056527206276,event
1550,0.5230168445847697,event
1551,0.5032141575789055,event
1552,0.28942424289162366,event
1553,0.3812433873932802,non_event
1554,0.9263708397426456,non_event
1555,-1.5452851798014662,event
1556,0.5535005598320618,event
1557,0.32987616713350987,non_event
1558,0.8124448652879761,event
1559,0.5707066725469152,non_event
1560,0.9524908034703349,non_event
1561,0.6223192192368713,non_event
1562,-1.5594250360985749,event
1563,-1.2638740724557893,event
1564,1.0522726420126918,non_event
1565,-1.3255293086143953,event
1566,0.6015685484736835,non_event
1567,0.7269264130471105,non_event
1568,0.4554872236639899,non_event
1569,-1.4763340123688864,event
1570,0.674427432543726,non_event
1571,0.6751694131204344,event
1572,0.1134835539749667,non_event
1573,0.381909280809662,non_event
1574,0.5303513421210451,non_event
1575,-1.5954292252261264,event
1576,1.0922781808720958,non_event
1577,0.6688430718881766,non_event
1578,0.5082754388385372,non_event
1579,0.3103311248810117,non_event
1580,0.2267645812387232,non_event
1581,-0.5270915429106524,event
1582,0.23217320011413906,non_event
1583,0.8205909396754347,non_event
1584,1.199405749890989,event
1585,-1.5277252169140902,event
1586,0.8072693098554339,event
1587,-0.8353076207534075,event
1588,-0.8054777235239322,event
1589,-0.7385861689303834,event
1590,0.6008327942267112,non_event
1591,1.0046257109032195,non_event
1592,-0.8162282636748296,event
1593,-1.5444305454798541,event
1594,-1.1304952589064419,event
1595,-0.6143296906414107,event
1596,0.4103881853712185,non_event
1597,-1.1997923659192324,event
1598,-0.41333465513264184,event
1599,0.5377743097372975,event
1600,-1.1512518820518798,event
1601,-1.8183544920543673,event
1602,-0.9735023439317338,event
1603,0.4515532060675912,non_event
1604,0.9714749661002802,event
1605,0.6176816390081887,non_event
1606,0.29997842266478436,non_event
1607,-0.22254360580098742,event
1608,0.7592413172901463,event
1609,-1.6043895415900242,event
1610,-1.0314280472184274,event
1611,0.5809199128458253,non_event
1612,-1.0152274442362852,event
1613,0.8737733044227086,event
1614,0.30710002207523335,event
1615,0.2506424907598715,non_event
1616,-0.09031206593201292,non_event
1617,0.6340299349230099,non_event
1618,0.06285417032803353,event
1619,-1.5917480895420342,event
1620,-0.0688457533029025,event
1621,0.7460988562965906,event
1622,0.7903912789877386,non_event
1623,-0.11352880166992475,event
1624,-0.024829792048123214,event
1625,1.194583414850337,non_event
1626,-1.6486041007820056,event
1627,0.029266793538069335,non_event
1628,0.7481824706281271,non_event
1629,1.2473418871888313,event
1630,0.25232975075802816,non_event
1631,0.6032702516967912,non_event
1632,0.09158514579431593,non_event
1633,0.6086273779465868,non_event
1634,0.6701095636536325,non_event
1635,-0.2834311712487733,non_event
1636,0.045673165968653624,event
1637,0.2886369792747333,event
1638,-1.2473741357339627,event
1639,-0.49871185487379993,event
1640,0.5054834361435612,event
1641,0.025674429873391844,event
1642,0.7487062400763901,non_event
1643,1.1759398289070813,non_event
1644,-0.15833286709491642,event
1645,0.9731647674238527,non_event
1646,-1.3350618926770785,event
1647,-0.7573866436490966,event
1648,-0.0863088970001311,event
1649,1.179772143113384,non_event
1650,0.5785835117307567,non_event
1651,-1.2405678828740332,event
1652,-1.454968525485462,event
1653,0.8232312608577561,non_event
1654,0.13952957896827572,non_event
1655,0.13174357173886656,event
1656,-1.6573433502179626,event
1657,0.44505236802569614,event
1658,0.07237675557343427,event
1659,1.3114681126922572,non_event
1660,0.6571873704492263,non_event
1661,0.5651042096951286,non_event
1662,-1.1782679397095093,event
1663,-0.05506698294327137,non_event
1664,1.2833967498760175,non_event
1665,0.363057955028005,non_event
1666,0.9057347506674652,non_event
1667,0.7024791245644214,non_event
1668,-1.4218744595998094,event
1669,0.5318866743324682,non_event
1670,0.7924983605501852,non_event
1671,0.032694854396194746,event
1672,-0.9305645316228668,event
1673,-0.8192356855008827,event
1674,0.47247708924660026,event
1675,1.0944501993894147,event
1676,0.37419373693601776,non_event
1677,0.23030089694680056,non_event
1678,-0.3407859100012117,event
1679,0.24428988049202316,non_event
1680,0.3796900684683448,non_event
1681,0.5669120158138456,non_event
1682,0.6307921049552705,event
1683,0.034861136332999,non_event
1684,0.8329961450506098,non_event
1685,-0.27821163949319094,event
1686,1.033927171890583,non_event
1687,0.6090219838773487,non_event
1688,-0.06913340948298305,event
1689,0.6053013687808149,non_event
1690,0.5854913808229284,non_event
1691,-0.7800790637713891,event
1692,0.25621002478513494,non_event
1693,0.7097810656801997,non_event
1694,-0.4780288314689625,event
1695,1.3207594487617864,event
1696,-0.6112334058384571,event
1697,0.5669367650067566,non_event
1698,0.7757272811714382,non_event
1699,0.7639199295239176,non_event
1700,0.09005395637410873,event
1701,0.6955655859767071,non_event
1702,-1.4024214229532181,event
1703,0.636050278056058,event
1704,0.6883326596242622,non_event
1705,0.5714953529418915,non_event
1706,0.1562035546534799,non_event
1707,-0.9781929732328114,event
1708,0.846928128389792,event
1709,1.1073427064984982,non_event
1710,0.0674844501877544,event
1711,-0.4019689276133964,event
1712,1.2041678276184586,non_event
1713,0.7081266937317829,non_event
1714,-0.972697450902255,event
1715,0.9860792102966734,event
1716,1.1138863074186722,non_event
1717,0.7278074286863498,non_event
1718,-0.6532400739097136,event
1719,0.6113766654818287,non_event
1720,-0.4676538806607833,event
1721,-1.266840821925337,event
1722,-1.541724202184539,event
1723,1.2048418313866431,non_event
1724,0.9529511158115553,non_event
1725,0.8506933460098248,event
1726,1.2200442933397149,non_event
1727,0.552001396633333,non_event
1728,-0.735667221596336,event
1729,-0.6235013900537308,event
1730,0.513912961764753,event
1731,0.7417360958958437,event
1732,0.30432794292141435,non_event
1733,-0.733476951853255,event
1734,0.32426843491622787,non_event
1735,0.34309817253611924,non_event
1736,0.5240876565988786,non_event
1737,0.20533154232358125,non_event
1738,-0.5989187011562269,event
1739,-0.004358257594028443,event
1740,0.09673877219568641,event
1741,0.5626526151069283,event
1742,0.1803582733703027,non_event
1743,0.8034035591984103,non_event
1744,0.3524460548539981,non_event
1745,0.6330739957944804,non_event
1746,1.036960522949231,event
1747,0.5283252392690891,non_event
1748,0.5760032380138386,non_event
1749,0.2654249206571559,non_event
1750,0.6653004789654715,event
1751,0.07297449156664071,event
1752,0.6260574119298092,event
1753,-0.536708670434564,event
1754,1.0218694290283674,event
1755,0.6191099288223294,non_event
1756,0.7892173376496362,non_event
1757,0.6740454082476194,non_event
1758,-0.36465764375788856,event
1759,0.980770788372354,non_event
1760,-1.0102757922800651,event
1761,0.04518225270808871,event
1762,0.5431839313248115,non_event
1763,0.23044102264480135,event
1764,-0.8895285632815706,event
1765,0.6659312449633533,non_event
1766,0.5502335458715617,non_event
1767,-0.0072524694704085065,non_event
1768,-0.5198577332159351,event
1769,-0.11365510402561335,event
1770,0.7451409353433922,non_event
1771,0.26779870244030674,non_event
1772,0.5534759090356914,event
1773,0.921663696716559,non_event
1774,-0.811040370638353,event
1775,0.6653171208507039,non_event
1776,0.6930626805549331,non_event
1777,-1.2027941121937078,event
1778,0.351020287799497,non_event
1779,0.7464149940620403,non_event
1780,0.34249232721326495,non_event
1781,0.41673004275420983,non_event
1782,0.26488380476168294,non_event
1783,-1.2747908938968457,event
1784,0.33418335103903457,non_event
1785,0.030102924068509836,event
1786,0.7117185398926962,non_event
1787,0.4531232786957828,non_event
1788,-1.000627871604489,event
1789,-1.3567596076856714,event
1790,0.17362904205700816,non_event
1791,-1.131644638777788,event
1792,-1.2920331481607448,event
1793,-0.36327301224834635,event
1794,-1.0129221725218236,event
1795,-0.4663732941032929,event
1796,-0.42520161732184475,event
1797,0.35245043089488354,non_event
1798,0.21666582727606867,event
1799,0.05070367512756122,non_event
1800,-1.711390495474302,event
1801,0.5125504968606324,non_event
1802,0.4031577046513231,non_event
1803,0.7684896051074724,non_event
1804,0.587385196104552,non_event
1805,-1.4827615875524307,event
1806,0.8657896774584289,event
1807,-0.8161091279547644,event
1808,0.4929110340599766,non_event
1809,0.33351908480646425,non_event
1810,0.848808820820694,event
1811,0.8257534084352204,non_event
1812,0.9619822349129623,event
1813,0.6510002328099614,non_event
1814,0.8266884257718964,non_event
1815,0.9812483782593934,event
1816,0.178838214932784,event
1817,0.26082797451805756,event
1818,0.11724690928314901,non_event
1819,0.603969025728597,non_event
1820,0.3649507915904513,event
1821,0.695380314628981,non_event
1822,-0.5608162779792562,event
1823,-0.05032153134400946,non_event
1824,0.6635678333643539,event
1825,-0.34261844687494497,event
1826,0.1666831690777558,non_event
1827,0.16688987714076892,event
1828,0.030701962432045492,event
1829,-1.3886626813408334,event
1830,-0.3090753482424963,event
1831,-0.6583759776546162,event
1832,-0.7389525214349243,event
1833,-0.37093308012597315,event
1834,0.4544832934803076,non_event
1835,-0.03659190077555121,non_event
1836,0.9463068975996702,non_event
1837,0.42175967403697645,non_event
1838,0.36750329314090385,non_event
1839,0.4831040209236899,event
1840,0.41996776034788186,non_event
1841,-0.19059688283358253,event
1842,0.8759083783335426,event
1843,-0.2161677865558205,non_event
1844,0.28682436237413733,non_event
1845,0.4035217546970931,non_event
1846,-1.1715891521780981,event
1847,0.32255764256513203,non_event
1848,0.34137514740172087,non_event
1849,0.49050126712622144,non_event
1850,-1.6311309349225442,event
1851,-0.7866606779600601,event
1852,0.40420904359983506,non_event
1853,0.5254543295716786,non_event
1854,0.7530727473164475,non_event
1855,0.665925447609588,non_event
1856,0.24104124698200163,event
1857,0.6433688801790931,event
1858,0.545910891521802,non_event
1859,0.02724053437460028,non_event
1860,0.04271885221607733,event
1861,-1.3477986983311536,event
1862,-1.6329214474224094,event
1863,-0.030963478337856773,event
1864,-0.9461334707050372,event
1865,-0.9757511406913254,event
1866,0.7115129991424559,non_event
1867,0.5770838914074804,event
1868,0.6365996712020114,non_event
1869,0.27830388581847615,event
1870,0.41054271749311044,non_event
1871,0.733086786475562,non_event
1872,-0.9276768641338164,event
1873,0.517059720159134,non_event
1874,0.2448018795886264,non_event
1875,0.796006375414016,non_event
1876,0.4409227126362537,non_event
1877,0.9197209068530088,event
1878,0.6243837580187812,non_event
1879,0.6136940612255196,event
1880,-1.6820368228038505,event
1881,0.6424790215927645,non_event
1882,-0.39423517009513415,event
1883,-1.8491606324342287,event
1884,0.5207918871010784,non_event
1885,-0.5400082139169333,event
1886,-0.13952923527854139,event
1887,0.6829360477937225,non_event
1888,0.21251266696504173,non_event
1889,0.7375647892342733,non_event
1890,-1.4272107595830037,event
1891,0.5742797163619081,non_event
1892,-0.7922367270407452,event
1893,-0.2641493831964787,event
1894,0.5875228974233855,event
1895,0.1480181089802371,non_event
1896,0.912515023846982,non_event
1897,0.35864532390755305,non_event
1898,0.9918559735395492,non_event
1899,-0.3704321360790171,event
